{"var-swap":{"tmpvar":[117527.47252747252,115553.44655344656,113636.36363636363,99736.26373626373,98266.73326673327],"arrswap":[60341.65834165834,58489.51048951049,57202.79720279721,54672.32767232767,53621.37862137862],"fnswap":[55766.23376623377,54548.45154845155,51734.26573426573,51650.34965034965,51682.317682317684],"nil function":[149618.38161838162,149757.24275724276,144548.45154845156,127869.13086913087,127647.35264735264]},"string-concat":{"arrayJoinPrebuilt":[43.78109452736319,43.39250493096647,43.43534057255676,43.39250493096647,43.34975369458128],"arrayJoinNewArray":[39.40886699507389,39.40886699507389,39.40886699507389,39.29273084479372,39.37007874015748],"arrayJoinPush":[36.06237816764133,35.01945525291829,35.05355404089581,35.01945525291829,35.05355404089581],"strcat":[148.40637450199202,148.11133200795229,148.40637450199202,147.96425024826218,148.5543369890329]}}