{
  "array-ify": {
    "manualMap": [
      17428.571428571428,
      18123.876123876125,
      18305.694305694306,
      18753.246753246753,
      16831.16883116883
    ],
    "arrayProto": [
      6583.416583416583,
      6265.734265734266,
      6179.82017982018,
      6189.8101898101895,
      5824.175824175824
    ],
    "duff": [
      19484.515484515483,
      18447.552447552447,
      17366.633366633367,
      16595.404595404594,
      19306.693306693305
    ],
    "arrayApply": [
      21442.55744255744,
      21766.233766233767,
      20527.472527472528,
      22691.30869130869,
      22669.33066933067
    ]
  },
  "array-ify-offset": {
    "manualMap": [
      21498.501498501497,
      21214.785214785214,
      20879.120879120877,
      19990.00999000999,
      20233.766233766233
    ],
    "manualMapArg": [
      16419.58041958042,
      19668.33166833167,
      19858.14185814186,
      18023.976023976025,
      18939.06093906094
    ],
    "arrayApply": [
      13190.80919080919,
      12601.398601398601,
      13300.699300699302,
      12837.162837162838,
      12671.32867132867
    ],
    "arrayApplyArg": [
      12141.858141858142,
      12347.652347652347,
      12249.75024975025,
      12125.874125874127,
      12011.988011988013
    ],
    "sliceCall": [
      9328.67132867133,
      9004.995004995006,
      9400.5994005994,
      9098.901098901099,
      9102.897102897103
    ],
    "sliceCallArg": [
      1354.6453546453547,
      1360.6393606393606,
      1359.2814371257484,
      1356.6433566433566,
      1327.3453093812375
    ],
    "sliceApply": [
      7736.263736263736,
      7692.307692307692,
      7690.30969030969,
      7648.351648351649,
      6711.288711288711
    ],
    "sliceApplyArg": [
      1216.7832167832169,
      1276.7232767232767,
      1267.4650698602795,
      1254.7452547452547,
      1241.5169660678644
    ],
    "duff": [
      21144.855144855144,
      21424.575424575425,
      21590.409590409592,
      21610.38961038961,
      20605.394605394606
    ]
  },
  "array-iteration": {
    "i < arr.length": [
      339270.56827820186,
      338696.0203217612,
      333611.3427856547,
      341005.96760443307,
      325467.8600488202
    ],
    "i < l": [
      416319.73355537053,
      430292.59896729776,
      419463.08724832215,
      427715.996578272,
      421940.9282700422
    ],
    "arr.forEach arity=1": [
      75987.84194528876,
      77160.49382716049,
      76277.65064836002,
      76628.35249042146,
      75187.96992481203
    ],
    "arr.forEach arity=3": [
      104657.24751439037,
      102986.61174047375,
      107238.60589812332,
      106894.70871191876,
      105097.21492380452
    ]
  },
  "bind": {
    "realBind": [
      5068.931068931069,
      4760.2397602397605,
      4865.134865134865,
      4916.083916083916,
      5002.997002997003,
      5120.879120879121,
      5020.979020979021,
      5178.821178821179,
      5104.895104895105,
      5096.903096903097,
      4902.097902097902,
      5103.896103896104,
      5039.96003996004,
      5037.962037962038,
      4941.058941058941,
      4711.288711288711,
      5193.806193806194,
      5123.8761238761235,
      5098.9010989010985,
      4244.755244755244,
      1825.1748251748252
    ],
    "fakeBind": [
      5770.22977022977,
      6698.301698301699,
      6603.3966033966035,
      6747.252747252747,
      6570.42957042957,
      6573.426573426574,
      5859.140859140859,
      6447.552447552447,
      6206.793206793207,
      6574.425574425574,
      6559.44055944056,
      6566.433566433567,
      6532.467532467533,
      6572.427572427572,
      6085.914085914086,
      1226.5469061876247,
      3564.4355644355646,
      6117.882117882118,
      6592.407592407592,
      5041.958041958042,
      5382.617382617383
    ],
    "unbound": [
      143225.77422577422,
      146751.24875124876,
      138711.2887112887,
      136500.4995004995,
      124430.56943056943,
      124651.34865134866,
      106065.93406593407,
      127013.98601398601,
      126159.84015984015,
      126467.53246753247,
      126113.88611388611,
      125886.11388611389,
      118604.3956043956,
      119844.15584415584,
      114097.9020979021,
      26670.32967032967,
      129119.88011988012,
      123541.45854145855,
      125798.2017982018,
      126540.45954045955,
      29289.71028971029
    ]
  },
  "date-cache": {
    "cached": [
      82642.93570642936,
      105591.24087591241,
      94499.9500049995,
      70734.92650734927,
      68293.7706229377
    ],
    "uncached": [
      715.0284971502849,
      1597.840215978402,
      1415.858414158584,
      1196.1803819618037,
      1231.976802319768
    ]
  },
  "func-scope-test": {
    "fn()": [
      34666.33366633367,
      19552.447552447553,
      33579.42057942058,
      7488.511488511488,
      33336.66333666334,
      13211.78821178821,
      32630.36963036963,
      8671.32867132867,
      32642.35764235764,
      32636.363636363636,
      10175.824175824177,
      32492.50749250749,
      33192.807192807195,
      13906.093906093905,
      33192.807192807195,
      33194.805194805194,
      32967.03296703297,
      32939.06093906094,
      32498.501498501497,
      33596.403596403594,
      7670.32967032967
    ],
    "fn.apply()": [
      4279.72027972028,
      18515.484515484517,
      18729.27072927073,
      15728.271728271728,
      18552.447552447553,
      18498.501498501497,
      18720.27972027972,
      8980.01998001998,
      18533.466533466533,
      18463.536463536464,
      18498.501498501497,
      18502.497502497503,
      18785.214785214786,
      5981.018981018981,
      18889.11088911089,
      18782.217782217784,
      7384.615384615385,
      18881.11888111888,
      18502.497502497503,
      19176.823176823178,
      10294.705294705294
    ],
    "fn.call()": [
      14393.606393606393,
      8310.689310689311,
      33784.21578421578,
      7940.05994005994,
      34757.242757242755,
      34498.5014985015,
      34879.12087912088,
      34532.46753246753,
      34529.47052947053,
      34359.64035964036,
      14760.23976023976,
      34348.65134865135,
      34686.31368631369,
      35010.98901098901,
      34925.07492507493,
      35020.97902097902,
      12003.996003996004,
      34723.27672327672,
      34368.631368631366,
      35760.23976023976,
      33889.11088911089
    ],
    "method()": [
      41459.54045954046,
      9426.573426573426,
      39245.754245754244,
      10547.452547452547,
      38407.592407592405,
      8918.081918081918,
      12994.005994005995,
      9071.928071928072,
      38408.59140859141,
      38221.77822177822,
      8875.124875124875,
      38174.82517482517,
      38164.83516483517,
      8846.153846153846,
      38986.01398601398,
      39016.98301698302,
      9042.957042957043,
      38488.51148851149,
      38062.93706293706,
      38891.10889110889,
      8941.058941058942
    ]
  },
  "hz-khz": {
    "hz": [
      0.000999000999000999,
      0.000999000999000999,
      0.000999000999000999,
      0.000999000999000999,
      0.000999000999000999
    ],
    "kHz": [
      0.8011988011988012,
      0.8041958041958042,
      0.810379241516966,
      0.8191808191808192,
      0.8411588411588412
    ]
  },
  "linked-list-vs-hash": {
    "hash": [
      1450.5494505494505,
      3211.788211788212,
      4319.680319680319,
      4565.434565434565,
      4666.333666333667
    ],
    "rawLL": [
      6048.9510489510485,
      4790.20979020979,
      6346.6533466533465,
      6760.2397602397605,
      6690.30969030969
    ],
    "classLL": [
      5736.263736263736,
      6720.27972027972,
      6324.675324675325,
      6744.2557442557445,
      6842.157842157842
    ]
  },
  "new-object": {
    "new Object": [
      33673.32667332667,
      34165.83416583417,
      34340.65934065934,
      34533.46653346653,
      33989.01098901099
    ],